Id,IpAddress,Port
49,1.1.1.1,80
57,1.1.1.2,80
73,1.1.1.3,80
82,1.1.1.4,80
100,1.1.1.5,80
107,1.1.1.6,80
124,1.1.1.7,80
132,1.1.1.8,80
152,1.1.1.9,80
157,1.1.1.10,80
176,1.1.1.11,80
182,1.1.1.12,80
199,1.1.1.13,80
212,1.1.1.14,80
221,1.1.1.15,80
233,1.1.1.16,80
251,1.1.1.17,80
265,1.1.1.18,80
274,1.1.1.19,80
21,1.1.1.20,80
75,1.1.1.21,80
295,1.1.1.22,80
308,1.1.1.23,80
320,1.1.1.24,80
331,1.1.1.25,80
346,1.1.1.26,80
359,1.1.1.27,80
371,1.1.1.28,80
384,1.1.1.29,80
236,1.1.1.30,80
182,1.1.1.31,80
400,1.1.1.32,80
413,1.1.1.33,80
428,1.1.1.34,80
440,1.1.1.35,80
454,1.1.1.36,80
467,1.1.1.37,80
477,1.1.1.38,80
491,1.1.1.39,80
348,1.1.1.40,80
215,1.1.1.41,80
501,1.1.1.42,80
515,1.1.1.43,80
527,1.1.1.44,80
541,1.1.1.45,80
556,1.1.1.46,80
565,1.1.1.47,80
580,1.1.1.48,80
467,1.1.1.49,80
400,1.1.1.50,80
598,1.1.1.51,80
612,1.1.1.52,80
624,1.1.1.53,80
636,1.1.1.54,80
649,1.1.1.55,80
660,1.1.1.56,80
677,1.1.1.57,80
691,1.1.1.58,80
515,1.1.1.59,80
699,1.1.1.60,80
711,1.1.1.61,80
723,1.1.1.62,80
736,1.1.1.63,80
749,1.1.1.64,80
763,1.1.1.65,80
775,1.1.1.66,80
788,1.1.1.67,80
613,1.1.1.68,80
798,1.1.1.69,80
810,1.1.1.70,80
821,1.1.1.71,80
834,1.1.1.72,80
848,1.1.1.73,80
861,1.1.1.74,80
580,1.1.1.75,80
861,1.1.1.76,80
879,1.1.1.77,80
879,1.1.1.78,80
492,1.1.1.79,80
363,1.1.1.80,80
905,1.1.1.81,80
788,1.1.1.82,80
929,1.1.1.83,80
940,1.1.1.84,80
954,1.1.1.85,80
963,1.1.1.86,80
973,1.1.1.87,80
987,1.1.1.88,80
1008,1.1.1.89,80
990,1.1.1.90,80
1019,1.1.1.91,80
1028,1.1.1.92,80
1044,1.1.1.93,80
1058,1.1.1.94,80
1066,1.1.1.95,80
1083,1.1.1.96,80
1095,1.1.1.97,80
1105,1.1.1.98,80
1121,1.1.1.99,80
1135,1.1.1.100,80
1142,1.1.1.101,80
1158,1.1.1.102,80
1124,1.1.1.103,80
1047,1.1.1.104,80
1173,1.1.1.105,80
1186,1.1.1.106,80
1195,1.1.1.107,80
1212,1.1.1.108,80
1223,1.1.1.109,80
1237,1.1.1.110,80
1250,1.1.1.111,80
1262,1.1.1.112,80
1275,1.1.1.113,80
1289,1.1.1.114,80
1300,1.1.1.115,80
1223,1.1.1.116,80
1303,1.1.1.117,80
1317,1.1.1.118,80
1330,1.1.1.119,80
1340,1.1.1.120,80
1353,1.1.1.121,80
1366,1.1.1.122,80
1380,1.1.1.123,80
1387,1.1.1.124,80
1403,1.1.1.125,80
1415,1.1.1.126,80
1428,1.1.1.127,80
1432,1.1.1.128,80
1356,1.1.1.129,80
1289,1.1.1.130,80
1452,1.1.1.131,80
1465,1.1.1.132,80
1476,1.1.1.133,80
1486,1.1.1.134,80
1499,1.1.1.135,80
1514,1.1.1.136,80
1525,1.1.1.137,80
1525,1.1.1.138,80
1476,1.1.1.139,80
1541,1.1.1.140,80
1558,1.1.1.141,80
1566,1.1.1.142,80
1582,1.1.1.143,80
1591,1.1.1.144,80
1604,1.1.1.145,80
1618,1.1.1.146,80
1629,1.1.1.147,80
1647,1.1.1.148,80
1654,1.1.1.149,80
1675,1.1.1.150,80
1651,1.1.1.151,80
1558,1.1.1.152,80
1693,1.1.1.153,80
1709,1.1.1.154,80
1719,1.1.1.155,80
1734,1.1.1.156,80
1747,1.1.1.157,80
1755,1.1.1.158,80
1773,1.1.1.159,80
1784,1.1.1.160,80
1798,1.1.1.161,80
1810,1.1.1.162,80
1784,1.1.1.163,80
1629,1.1.1.164,80
1826,1.1.1.165,80
1840,1.1.1.166,80
1850,1.1.1.167,80
1865,1.1.1.168,80
1875,1.1.1.169,80
1889,1.1.1.170,80
1903,1.1.1.171,80
1916,1.1.1.172,80
1927,1.1.1.173,80
1941,1.1.1.174,80
1954,1.1.1.175,80
1903,1.1.1.176,80
1843,1.1.1.177,80
1968,1.1.1.178,80
1980,1.1.1.179,80
1994,1.1.1.180,80
